{"A2C": {"MlpPolicy": {"CartPole-v0": [[0.5312144160270691, 0.4687855541706085]], "CartPole-v1": [[0.511773407459259, 0.4882265627384186]], "MountainCar-v0": [[0.32502636313438416, 0.44046252965927124, 0.2345111072063446]], "Acrobot-v1": [[0.29614055156707764, 0.2522464990615845, 0.4516129195690155]], "FrozenLake-v1": [[0.24506695568561554, 0.22697508335113525, 0.27891063690185547, 0.24904736876487732]], "FrozenLake8x8-v1": [[0.24824382364749908, 0.21671956777572632, 0.24710272252559662, 0.287933886051178]], "CliffWalking-v0": [[0.31055986881256104, 0.20407317578792572, 0.27915284037590027, 0.20621410012245178]], "Taxi-v3": [[0.1718938797712326, 0.17465265095233917, 0.17809812724590302, 0.15407568216323853, 0.1640370637178421, 0.1572425663471222]], "CubeCrash-v0": [[0.19635242223739624, 0.28235721588134766, 0.5212903618812561]], "CubeCrashSparse-v0": [[0.6384007930755615, 0.22046124935150146, 0.1411380171775818]], "CubeCrashScreenBecomesBlack-v0": [[0.6082947254180908, 0.07465265691280365, 0.3170526325702667]], "MemorizeDigits-v0": [[0.1012386903166771, 0.08998275548219681, 0.10426986962556839, 0.09505437314510345, 0.10409341007471085, 0.10094548761844635, 0.11278613656759262, 0.10197928547859192, 0.09659650921821594, 0.09305346757173538]]}}, "PPO": {"MlpPolicy": {"CartPole-v0": [[0.5015509724617004, 0.4984489679336548]], "CartPole-v1": [[0.504841685295105, 0.4951583445072174]], "MountainCar-v0": [[0.2713943123817444, 0.3431425094604492, 0.3854631781578064]], "Acrobot-v1": [[0.3136507272720337, 0.3789277672767639, 0.3074215054512024]], "FrozenLake-v1": [[0.297720730304718, 0.20257222652435303, 0.20000113546848297, 0.29970595240592957]], "FrozenLake8x8-v1": [[0.3504522442817688, 0.20637451112270355, 0.24275502562522888, 0.20041818916797638]], "CliffWalking-v0": [[0.3132995069026947, 0.19994394481182098, 0.22308467328548431, 0.2636718451976776]], "Taxi-v3": [[0.16788536310195923, 0.1718413233757019, 0.17250728607177734, 0.1746620386838913, 0.15603679418563843, 0.15706725418567657]], "CubeCrash-v0": [[0.3780249357223511, 0.3047230541706085, 0.31725192070007324]], "CubeCrashSparse-v0": [[0.3210794925689697, 0.3020693063735962, 0.37685123085975647]], "CubeCrashScreenBecomesBlack-v0": [[0.3674870729446411, 0.2514130473136902, 0.3810998797416687]], "MemorizeDigits-v0": [[0.08704778552055359, 0.10141553729772568, 0.11130785942077637, 0.11521086096763611, 0.09400048851966858, 0.08683180063962936, 0.08793430775403976, 0.11445008963346481, 0.09610310941934586, 0.1056981235742569]]}}}